[
  {
    "model": "admin.logentry",
    "pk": 1,
    "fields": {
      "action_time": "2020-08-27T12:00:13.919Z",
      "user": 1,
      "content_type": 7,
      "object_id": "3",
      "object_repr": "Event 3",
      "action_flag": 1,
      "change_message": "[{\"added\": {}}]"
    }
  },
  {
    "model": "admin.logentry",
    "pk": 2,
    "fields": {
      "action_time": "2020-08-27T12:00:33.261Z",
      "user": 1,
      "content_type": 7,
      "object_id": "1",
      "object_repr": "Event 1",
      "action_flag": 2,
      "change_message": "[{\"changed\": {\"fields\": [\"Refer_agenda\"]}}]"
    }
  },
  {
    "model": "admin.logentry",
    "pk": 3,
    "fields": {
      "action_time": "2020-08-27T12:00:43.759Z",
      "user": 1,
      "content_type": 7,
      "object_id": "2",
      "object_repr": "Event 2",
      "action_flag": 2,
      "change_message": "[{\"changed\": {\"fields\": [\"Refer_agenda\"]}}]"
    }
  },
  {
    "model": "admin.logentry",
    "pk": 4,
    "fields": {
      "action_time": "2020-08-27T12:01:01.557Z",
      "user": 1,
      "content_type": 7,
      "object_id": "2",
      "object_repr": "Event 2",
      "action_flag": 2,
      "change_message": "[{\"changed\": {\"fields\": [\"Date\"]}}]"
    }
  },
  {
    "model": "admin.logentry",
    "pk": 5,
    "fields": {
      "action_time": "2020-08-27T12:01:44.743Z",
      "user": 1,
      "content_type": 7,
      "object_id": "3",
      "object_repr": "Event 3",
      "action_flag": 2,
      "change_message": "[{\"changed\": {\"fields\": [\"Date\"]}}]"
    }
  },
  {
    "model": "admin.logentry",
    "pk": 6,
    "fields": {
      "action_time": "2020-08-27T12:02:25.776Z",
      "user": 1,
      "content_type": 6,
      "object_id": "1",
      "object_repr": "RBP WP 2020-2021",
      "action_flag": 2,
      "change_message": "[{\"changed\": {\"fields\": [\"Events\"]}}]"
    }
  },
  {
    "model": "admin.logentry",
    "pk": 7,
    "fields": {
      "action_time": "2020-08-27T12:18:37.050Z",
      "user": 1,
      "content_type": 11,
      "object_id": "1",
      "object_repr": "Freestyle",
      "action_flag": 1,
      "change_message": "[{\"added\": {}}]"
    }
  },
  {
    "model": "admin.logentry",
    "pk": 8,
    "fields": {
      "action_time": "2020-08-27T12:18:43.438Z",
      "user": 1,
      "content_type": 11,
      "object_id": "2",
      "object_repr": "Breaststroke",
      "action_flag": 1,
      "change_message": "[{\"added\": {}}]"
    }
  },
  {
    "model": "admin.logentry",
    "pk": 9,
    "fields": {
      "action_time": "2020-08-27T12:18:51.012Z",
      "user": 1,
      "content_type": 11,
      "object_id": "3",
      "object_repr": "Backstroke",
      "action_flag": 1,
      "change_message": "[{\"added\": {}}]"
    }
  },
  {
    "model": "admin.logentry",
    "pk": 10,
    "fields": {
      "action_time": "2020-08-27T12:18:57.477Z",
      "user": 1,
      "content_type": 11,
      "object_id": "4",
      "object_repr": "Butterfly",
      "action_flag": 1,
      "change_message": "[{\"added\": {}}]"
    }
  },
  {
    "model": "admin.logentry",
    "pk": 11,
    "fields": {
      "action_time": "2020-08-27T12:19:14.976Z",
      "user": 1,
      "content_type": 11,
      "object_id": "5",
      "object_repr": "Legs - kicks",
      "action_flag": 1,
      "change_message": "[{\"added\": {}}]"
    }
  },
  {
    "model": "admin.logentry",
    "pk": 12,
    "fields": {
      "action_time": "2020-08-27T12:19:24.503Z",
      "user": 1,
      "content_type": 11,
      "object_id": "6",
      "object_repr": "Legs - egg beater",
      "action_flag": 1,
      "change_message": "[{\"added\": {}}]"
    }
  },
  {
    "model": "admin.logentry",
    "pk": 13,
    "fields": {
      "action_time": "2020-08-27T12:19:42.123Z",
      "user": 1,
      "content_type": 11,
      "object_id": "7",
      "object_repr": "Legs - breaststroke",
      "action_flag": 1,
      "change_message": "[{\"added\": {}}]"
    }
  },
  {
    "model": "admin.logentry",
    "pk": 14,
    "fields": {
      "action_time": "2020-08-27T12:19:50.924Z",
      "user": 1,
      "content_type": 11,
      "object_id": "8",
      "object_repr": "Freestyle",
      "action_flag": 1,
      "change_message": "[{\"added\": {}}]"
    }
  },
  {
    "model": "admin.logentry",
    "pk": 15,
    "fields": {
      "action_time": "2020-08-27T12:20:07.385Z",
      "user": 1,
      "content_type": 11,
      "object_id": "1",
      "object_repr": "Crawl",
      "action_flag": 2,
      "change_message": "[{\"changed\": {\"fields\": [\"Name\"]}}]"
    }
  },
  {
    "model": "admin.logentry",
    "pk": 16,
    "fields": {
      "action_time": "2020-08-27T12:20:21.364Z",
      "user": 1,
      "content_type": 11,
      "object_id": "8",
      "object_repr": "To choice",
      "action_flag": 2,
      "change_message": "[{\"changed\": {\"fields\": [\"Name\"]}}]"
    }
  },
  {
    "model": "admin.logentry",
    "pk": 17,
    "fields": {
      "action_time": "2020-08-27T12:20:41.844Z",
      "user": 1,
      "content_type": 10,
      "object_id": "1",
      "object_repr": "Relax",
      "action_flag": 1,
      "change_message": "[{\"added\": {}}]"
    }
  },
  {
    "model": "admin.logentry",
    "pk": 18,
    "fields": {
      "action_time": "2020-08-27T12:20:50.690Z",
      "user": 1,
      "content_type": 10,
      "object_id": "2",
      "object_repr": "Endurance",
      "action_flag": 1,
      "change_message": "[{\"added\": {}}]"
    }
  },
  {
    "model": "admin.logentry",
    "pk": 19,
    "fields": {
      "action_time": "2020-08-27T12:20:56.918Z",
      "user": 1,
      "content_type": 10,
      "object_id": "3",
      "object_repr": "Resistance",
      "action_flag": 1,
      "change_message": "[{\"added\": {}}]"
    }
  },
  {
    "model": "admin.logentry",
    "pk": 20,
    "fields": {
      "action_time": "2020-08-27T12:21:02.916Z",
      "user": 1,
      "content_type": 10,
      "object_id": "4",
      "object_repr": "Sprint",
      "action_flag": 1,
      "change_message": "[{\"added\": {}}]"
    }
  },
  {
    "model": "admin.logentry",
    "pk": 21,
    "fields": {
      "action_time": "2020-08-27T12:21:20.335Z",
      "user": 1,
      "content_type": 9,
      "object_id": "1",
      "object_repr": "Z0 (Relax)",
      "action_flag": 1,
      "change_message": "[{\"added\": {}}]"
    }
  },
  {
    "model": "admin.logentry",
    "pk": 22,
    "fields": {
      "action_time": "2020-08-27T12:21:31.102Z",
      "user": 1,
      "content_type": 9,
      "object_id": "2",
      "object_repr": "Z1 (Endurance)",
      "action_flag": 1,
      "change_message": "[{\"added\": {}}]"
    }
  },
  {
    "model": "admin.logentry",
    "pk": 23,
    "fields": {
      "action_time": "2020-08-27T12:21:37.395Z",
      "user": 1,
      "content_type": 9,
      "object_id": "3",
      "object_repr": "Z2 (Endurance)",
      "action_flag": 1,
      "change_message": "[{\"added\": {}}]"
    }
  },
  {
    "model": "admin.logentry",
    "pk": 24,
    "fields": {
      "action_time": "2020-08-27T12:21:54.808Z",
      "user": 1,
      "content_type": 9,
      "object_id": "4",
      "object_repr": "Z3 (Endurance)",
      "action_flag": 1,
      "change_message": "[{\"added\": {}}]"
    }
  },
  {
    "model": "admin.logentry",
    "pk": 25,
    "fields": {
      "action_time": "2020-08-27T12:22:01.413Z",
      "user": 1,
      "content_type": 9,
      "object_id": "5",
      "object_repr": "Z4 (Resistance)",
      "action_flag": 1,
      "change_message": "[{\"added\": {}}]"
    }
  },
  {
    "model": "admin.logentry",
    "pk": 26,
    "fields": {
      "action_time": "2020-08-27T12:22:08.935Z",
      "user": 1,
      "content_type": 9,
      "object_id": "6",
      "object_repr": "Z5 (Resistance)",
      "action_flag": 1,
      "change_message": "[{\"added\": {}}]"
    }
  },
  {
    "model": "admin.logentry",
    "pk": 27,
    "fields": {
      "action_time": "2020-08-27T12:22:16.828Z",
      "user": 1,
      "content_type": 9,
      "object_id": "7",
      "object_repr": "Z6 (Sprint)",
      "action_flag": 1,
      "change_message": "[{\"added\": {}}]"
    }
  },
  {
    "model": "admin.logentry",
    "pk": 28,
    "fields": {
      "action_time": "2020-08-27T12:22:23.393Z",
      "user": 1,
      "content_type": 9,
      "object_id": "8",
      "object_repr": "Z7 (Sprint)",
      "action_flag": 1,
      "change_message": "[{\"added\": {}}]"
    }
  },
  {
    "model": "admin.logentry",
    "pk": 29,
    "fields": {
      "action_time": "2020-08-27T12:23:16.375Z",
      "user": 1,
      "content_type": 11,
      "object_id": "9",
      "object_repr": "Medley",
      "action_flag": 1,
      "change_message": "[{\"added\": {}}]"
    }
  },
  {
    "model": "admin.logentry",
    "pk": 30,
    "fields": {
      "action_time": "2020-08-27T12:28:55.643Z",
      "user": 1,
      "content_type": 11,
      "object_id": "10",
      "object_repr": "Apnea",
      "action_flag": 1,
      "change_message": "[{\"added\": {}}]"
    }
  },
  {
    "model": "admin.logentry",
    "pk": 31,
    "fields": {
      "action_time": "2020-08-27T12:49:23.542Z",
      "user": 1,
      "content_type": 12,
      "object_id": "32",
      "object_repr": "Exercise 32",
      "action_flag": 1,
      "change_message": "[{\"added\": {}}]"
    }
  },
  {
    "model": "admin.logentry",
    "pk": 32,
    "fields": {
      "action_time": "2020-08-27T12:49:46.853Z",
      "user": 1,
      "content_type": 12,
      "object_id": "33",
      "object_repr": "Exercise 33",
      "action_flag": 1,
      "change_message": "[{\"added\": {}}]"
    }
  },
  {
    "model": "admin.logentry",
    "pk": 33,
    "fields": {
      "action_time": "2020-08-27T12:50:10.525Z",
      "user": 1,
      "content_type": 12,
      "object_id": "34",
      "object_repr": "Exercise 34",
      "action_flag": 1,
      "change_message": "[{\"added\": {}}]"
    }
  },
  {
    "model": "admin.logentry",
    "pk": 34,
    "fields": {
      "action_time": "2020-08-27T12:50:39.935Z",
      "user": 1,
      "content_type": 8,
      "object_id": "13",
      "object_repr": "Round 13",
      "action_flag": 2,
      "change_message": "[{\"changed\": {\"fields\": [\"Exercises\"]}}]"
    }
  },
  {
    "model": "admin.logentry",
    "pk": 35,
    "fields": {
      "action_time": "2020-08-27T12:55:46.664Z",
      "user": 1,
      "content_type": 12,
      "object_id": "39",
      "object_repr": "Exercise 39",
      "action_flag": 2,
      "change_message": "[{\"changed\": {\"fields\": [\"Notes\"]}}]"
    }
  },
  {
    "model": "admin.logentry",
    "pk": 36,
    "fields": {
      "action_time": "2020-08-27T12:58:11.519Z",
      "user": 1,
      "content_type": 8,
      "object_id": "13",
      "object_repr": "Round 13",
      "action_flag": 2,
      "change_message": "[{\"changed\": {\"fields\": [\"Count\"]}}]"
    }
  },
  {
    "model": "admin.logentry",
    "pk": 37,
    "fields": {
      "action_time": "2020-08-27T12:58:57.209Z",
      "user": 1,
      "content_type": 8,
      "object_id": "18",
      "object_repr": "Round 18",
      "action_flag": 2,
      "change_message": "[{\"changed\": {\"fields\": [\"Order\"]}}]"
    }
  },
  {
    "model": "admin.logentry",
    "pk": 38,
    "fields": {
      "action_time": "2020-08-27T13:27:13.510Z",
      "user": 1,
      "content_type": 6,
      "object_id": "1",
      "object_repr": "RBP WP 2020-2021",
      "action_flag": 2,
      "change_message": "[{\"changed\": {\"fields\": [\"Members\"]}}]"
    }
  },
  {
    "model": "admin.logentry",
    "pk": 39,
    "fields": {
      "action_time": "2020-08-27T13:30:07.111Z",
      "user": 1,
      "content_type": 7,
      "object_id": "1",
      "object_repr": "Event 1",
      "action_flag": 2,
      "change_message": "[{\"changed\": {\"fields\": [\"Color\"]}}]"
    }
  },
  {
    "model": "admin.logentry",
    "pk": 40,
    "fields": {
      "action_time": "2020-08-27T13:30:26.798Z",
      "user": 1,
      "content_type": 7,
      "object_id": "2",
      "object_repr": "Event 2",
      "action_flag": 2,
      "change_message": "[{\"changed\": {\"fields\": [\"Color\"]}}]"
    }
  },
  {
    "model": "admin.logentry",
    "pk": 41,
    "fields": {
      "action_time": "2020-08-27T13:30:47.577Z",
      "user": 1,
      "content_type": 7,
      "object_id": "3",
      "object_repr": "Event 3",
      "action_flag": 2,
      "change_message": "[{\"changed\": {\"fields\": [\"Color\"]}}]"
    }
  },
  {
    "model": "auth.permission",
    "pk": 1,
    "fields": {
      "name": "Can add log entry",
      "content_type": 1,
      "codename": "add_logentry"
    }
  },
  {
    "model": "auth.permission",
    "pk": 2,
    "fields": {
      "name": "Can change log entry",
      "content_type": 1,
      "codename": "change_logentry"
    }
  },
  {
    "model": "auth.permission",
    "pk": 3,
    "fields": {
      "name": "Can delete log entry",
      "content_type": 1,
      "codename": "delete_logentry"
    }
  },
  {
    "model": "auth.permission",
    "pk": 4,
    "fields": {
      "name": "Can view log entry",
      "content_type": 1,
      "codename": "view_logentry"
    }
  },
  {
    "model": "auth.permission",
    "pk": 5,
    "fields": {
      "name": "Can add permission",
      "content_type": 2,
      "codename": "add_permission"
    }
  },
  {
    "model": "auth.permission",
    "pk": 6,
    "fields": {
      "name": "Can change permission",
      "content_type": 2,
      "codename": "change_permission"
    }
  },
  {
    "model": "auth.permission",
    "pk": 7,
    "fields": {
      "name": "Can delete permission",
      "content_type": 2,
      "codename": "delete_permission"
    }
  },
  {
    "model": "auth.permission",
    "pk": 8,
    "fields": {
      "name": "Can view permission",
      "content_type": 2,
      "codename": "view_permission"
    }
  },
  {
    "model": "auth.permission",
    "pk": 9,
    "fields": {
      "name": "Can add group",
      "content_type": 3,
      "codename": "add_group"
    }
  },
  {
    "model": "auth.permission",
    "pk": 10,
    "fields": {
      "name": "Can change group",
      "content_type": 3,
      "codename": "change_group"
    }
  },
  {
    "model": "auth.permission",
    "pk": 11,
    "fields": {
      "name": "Can delete group",
      "content_type": 3,
      "codename": "delete_group"
    }
  },
  {
    "model": "auth.permission",
    "pk": 12,
    "fields": {
      "name": "Can view group",
      "content_type": 3,
      "codename": "view_group"
    }
  },
  {
    "model": "auth.permission",
    "pk": 13,
    "fields": {
      "name": "Can add content type",
      "content_type": 4,
      "codename": "add_contenttype"
    }
  },
  {
    "model": "auth.permission",
    "pk": 14,
    "fields": {
      "name": "Can change content type",
      "content_type": 4,
      "codename": "change_contenttype"
    }
  },
  {
    "model": "auth.permission",
    "pk": 15,
    "fields": {
      "name": "Can delete content type",
      "content_type": 4,
      "codename": "delete_contenttype"
    }
  },
  {
    "model": "auth.permission",
    "pk": 16,
    "fields": {
      "name": "Can view content type",
      "content_type": 4,
      "codename": "view_contenttype"
    }
  },
  {
    "model": "auth.permission",
    "pk": 17,
    "fields": {
      "name": "Can add session",
      "content_type": 5,
      "codename": "add_session"
    }
  },
  {
    "model": "auth.permission",
    "pk": 18,
    "fields": {
      "name": "Can change session",
      "content_type": 5,
      "codename": "change_session"
    }
  },
  {
    "model": "auth.permission",
    "pk": 19,
    "fields": {
      "name": "Can delete session",
      "content_type": 5,
      "codename": "delete_session"
    }
  },
  {
    "model": "auth.permission",
    "pk": 20,
    "fields": {
      "name": "Can view session",
      "content_type": 5,
      "codename": "view_session"
    }
  },
  {
    "model": "auth.permission",
    "pk": 21,
    "fields": {
      "name": "Can add Agenda    ",
      "content_type": 6,
      "codename": "add_agenda"
    }
  },
  {
    "model": "auth.permission",
    "pk": 22,
    "fields": {
      "name": "Can change Agenda    ",
      "content_type": 6,
      "codename": "change_agenda"
    }
  },
  {
    "model": "auth.permission",
    "pk": 23,
    "fields": {
      "name": "Can delete Agenda    ",
      "content_type": 6,
      "codename": "delete_agenda"
    }
  },
  {
    "model": "auth.permission",
    "pk": 24,
    "fields": {
      "name": "Can view Agenda    ",
      "content_type": 6,
      "codename": "view_agenda"
    }
  },
  {
    "model": "auth.permission",
    "pk": 25,
    "fields": {
      "name": "Can add event",
      "content_type": 7,
      "codename": "add_event"
    }
  },
  {
    "model": "auth.permission",
    "pk": 26,
    "fields": {
      "name": "Can change event",
      "content_type": 7,
      "codename": "change_event"
    }
  },
  {
    "model": "auth.permission",
    "pk": 27,
    "fields": {
      "name": "Can delete event",
      "content_type": 7,
      "codename": "delete_event"
    }
  },
  {
    "model": "auth.permission",
    "pk": 28,
    "fields": {
      "name": "Can view event",
      "content_type": 7,
      "codename": "view_event"
    }
  },
  {
    "model": "auth.permission",
    "pk": 29,
    "fields": {
      "name": "Can add Round",
      "content_type": 8,
      "codename": "add_round"
    }
  },
  {
    "model": "auth.permission",
    "pk": 30,
    "fields": {
      "name": "Can change Round",
      "content_type": 8,
      "codename": "change_round"
    }
  },
  {
    "model": "auth.permission",
    "pk": 31,
    "fields": {
      "name": "Can delete Round",
      "content_type": 8,
      "codename": "delete_round"
    }
  },
  {
    "model": "auth.permission",
    "pk": 32,
    "fields": {
      "name": "Can view Round",
      "content_type": 8,
      "codename": "view_round"
    }
  },
  {
    "model": "auth.permission",
    "pk": 33,
    "fields": {
      "name": "Can add energy segment",
      "content_type": 9,
      "codename": "add_energysegment"
    }
  },
  {
    "model": "auth.permission",
    "pk": 34,
    "fields": {
      "name": "Can change energy segment",
      "content_type": 9,
      "codename": "change_energysegment"
    }
  },
  {
    "model": "auth.permission",
    "pk": 35,
    "fields": {
      "name": "Can delete energy segment",
      "content_type": 9,
      "codename": "delete_energysegment"
    }
  },
  {
    "model": "auth.permission",
    "pk": 36,
    "fields": {
      "name": "Can view energy segment",
      "content_type": 9,
      "codename": "view_energysegment"
    }
  },
  {
    "model": "auth.permission",
    "pk": 37,
    "fields": {
      "name": "Can add energy system",
      "content_type": 10,
      "codename": "add_energysystem"
    }
  },
  {
    "model": "auth.permission",
    "pk": 38,
    "fields": {
      "name": "Can change energy system",
      "content_type": 10,
      "codename": "change_energysystem"
    }
  },
  {
    "model": "auth.permission",
    "pk": 39,
    "fields": {
      "name": "Can delete energy system",
      "content_type": 10,
      "codename": "delete_energysystem"
    }
  },
  {
    "model": "auth.permission",
    "pk": 40,
    "fields": {
      "name": "Can view energy system",
      "content_type": 10,
      "codename": "view_energysystem"
    }
  },
  {
    "model": "auth.permission",
    "pk": 41,
    "fields": {
      "name": "Can add stroke",
      "content_type": 11,
      "codename": "add_stroke"
    }
  },
  {
    "model": "auth.permission",
    "pk": 42,
    "fields": {
      "name": "Can change stroke",
      "content_type": 11,
      "codename": "change_stroke"
    }
  },
  {
    "model": "auth.permission",
    "pk": 43,
    "fields": {
      "name": "Can delete stroke",
      "content_type": 11,
      "codename": "delete_stroke"
    }
  },
  {
    "model": "auth.permission",
    "pk": 44,
    "fields": {
      "name": "Can view stroke",
      "content_type": 11,
      "codename": "view_stroke"
    }
  },
  {
    "model": "auth.permission",
    "pk": 45,
    "fields": {
      "name": "Can add Exercise",
      "content_type": 12,
      "codename": "add_exercise"
    }
  },
  {
    "model": "auth.permission",
    "pk": 46,
    "fields": {
      "name": "Can change Exercise",
      "content_type": 12,
      "codename": "change_exercise"
    }
  },
  {
    "model": "auth.permission",
    "pk": 47,
    "fields": {
      "name": "Can delete Exercise",
      "content_type": 12,
      "codename": "delete_exercise"
    }
  },
  {
    "model": "auth.permission",
    "pk": 48,
    "fields": {
      "name": "Can view Exercise",
      "content_type": 12,
      "codename": "view_exercise"
    }
  },
  {
    "model": "auth.permission",
    "pk": 49,
    "fields": {
      "name": "Can add Member",
      "content_type": 13,
      "codename": "add_member"
    }
  },
  {
    "model": "auth.permission",
    "pk": 50,
    "fields": {
      "name": "Can change Member",
      "content_type": 13,
      "codename": "change_member"
    }
  },
  {
    "model": "auth.permission",
    "pk": 51,
    "fields": {
      "name": "Can delete Member",
      "content_type": 13,
      "codename": "delete_member"
    }
  },
  {
    "model": "auth.permission",
    "pk": 52,
    "fields": {
      "name": "Can view Member",
      "content_type": 13,
      "codename": "view_member"
    }
  },
  {
    "model": "auth.permission",
    "pk": 53,
    "fields": {
      "name": "Can add user",
      "content_type": 14,
      "codename": "add_customuser"
    }
  },
  {
    "model": "auth.permission",
    "pk": 54,
    "fields": {
      "name": "Can change user",
      "content_type": 14,
      "codename": "change_customuser"
    }
  },
  {
    "model": "auth.permission",
    "pk": 55,
    "fields": {
      "name": "Can delete user",
      "content_type": 14,
      "codename": "delete_customuser"
    }
  },
  {
    "model": "auth.permission",
    "pk": 56,
    "fields": {
      "name": "Can view user",
      "content_type": 14,
      "codename": "view_customuser"
    }
  },
  {
    "model": "contenttypes.contenttype",
    "pk": 1,
    "fields": {
      "app_label": "admin",
      "model": "logentry"
    }
  },
  {
    "model": "contenttypes.contenttype",
    "pk": 2,
    "fields": {
      "app_label": "auth",
      "model": "permission"
    }
  },
  {
    "model": "contenttypes.contenttype",
    "pk": 3,
    "fields": {
      "app_label": "auth",
      "model": "group"
    }
  },
  {
    "model": "contenttypes.contenttype",
    "pk": 4,
    "fields": {
      "app_label": "contenttypes",
      "model": "contenttype"
    }
  },
  {
    "model": "contenttypes.contenttype",
    "pk": 5,
    "fields": {
      "app_label": "sessions",
      "model": "session"
    }
  },
  {
    "model": "contenttypes.contenttype",
    "pk": 6,
    "fields": {
      "app_label": "agenda",
      "model": "agenda"
    }
  },
  {
    "model": "contenttypes.contenttype",
    "pk": 7,
    "fields": {
      "app_label": "event",
      "model": "event"
    }
  },
  {
    "model": "contenttypes.contenttype",
    "pk": 8,
    "fields": {
      "app_label": "round",
      "model": "round"
    }
  },
  {
    "model": "contenttypes.contenttype",
    "pk": 9,
    "fields": {
      "app_label": "exercise",
      "model": "energysegment"
    }
  },
  {
    "model": "contenttypes.contenttype",
    "pk": 10,
    "fields": {
      "app_label": "exercise",
      "model": "energysystem"
    }
  },
  {
    "model": "contenttypes.contenttype",
    "pk": 11,
    "fields": {
      "app_label": "exercise",
      "model": "stroke"
    }
  },
  {
    "model": "contenttypes.contenttype",
    "pk": 12,
    "fields": {
      "app_label": "exercise",
      "model": "exercise"
    }
  },
  {
    "model": "contenttypes.contenttype",
    "pk": 13,
    "fields": {
      "app_label": "member",
      "model": "member"
    }
  },
  {
    "model": "contenttypes.contenttype",
    "pk": 14,
    "fields": {
      "app_label": "customuser",
      "model": "customuser"
    }
  },
  {
    "model": "sessions.session",
    "pk": "ztzr73rngld1t77t669i6msr157vpsrw",
    "fields": {
      "session_data": ".eJxVjjsOgzAQRO_iOrJs-QNOmT5nQOvdBZMgWwJcRbl7cESRtDNvnuYlBqh7GurG6zCTuAotLr9ZBHxybgU9IE9FYsn7OkfZEHm2m7wX4uV2sn-CBFs61mh4tIq1JYWdDzGO4AJaphDiGPseWBlW3htNyqleY4cEYIm64Mlp36TLcaDCxN-X7w-5Uz1V:1kBHxJ:wBI6zYPoGRriR3H-SYfy8-_wiHZ1PQfPTHfs_ZJ6yJo",
      "expire_date": "2020-09-10T13:28:41.717Z"
    }
  },
  {
    "model": "agenda.agenda",
    "pk": 1,
    "fields": {
      "name": "RBP WP 2020-2021",
      "date_start": "2020-08-03",
      "date_end": "2021-06-30",
      "events": [
        1,
        2,
        3,
        4,
        5,
        6,
        7,
        8,
        9,
        10,
        11,
        12,
        13,
        14,
        15,
        16,
        17,
        18,
        19,
        20,
        21,
        22,
        23,
        24,
        25,
        26,
        27,
        28,
        29,
        30,
        31,
        32,
        33,
        34,
        35,
        36,
        37,
        38,
        39,
        40,
        41,
        42,
        43,
        44,
        45,
        46,
        47,
        48,
        49,
        50,
        51,
        52,
        53,
        54,
        55,
        56,
        57,
        58,
        59,
        60,
        61,
        62,
        63,
        64,
        65,
        66,
        67,
        68,
        69,
        70,
        71,
        72,
        73,
        74,
        75,
        76,
        77,
        78,
        79,
        80,
        81,
        82,
        83,
        84,
        85,
        86,
        87,
        88,
        89,
        90,
        91,
        92,
        93,
        94,
        95,
        96,
        97,
        98,
        99,
        100,
        101,
        102,
        103,
        104,
        105,
        106,
        107,
        108,
        109,
        110,
        111,
        112,
        113,
        114,
        115,
        116,
        117,
        118,
        119,
        120,
        121,
        122,
        123,
        124,
        125,
        126,
        127,
        128,
        129,
        130,
        131,
        132,
        133
      ],
      "members": [
        1,
        2,
        3,
        4,
        5,
        6,
        7,
        8,
        9,
        10,
        11,
        12,
        13,
        14,
        15,
        16,
        17,
        18,
        19,
        20,
        21,
        22,
        23,
        24,
        25,
        26
      ]
    }
  },
  {
    "model": "event.event",
    "pk": 1,
    "fields": {
      "name": "training",
      "goal": null,
      "color": "#72e9c1",
      "date": "2020-08-21",
      "hour_start": "21:00:00",
      "hour_end": "22:30:00",
      "total": 0,
      "refer_agenda": 1,
      "rounds": [
        1,
        2,
        3,
        4,
        5,
        6,
        7,
        8,
        9
      ],
      "members": [
        3,
        4,
        6,
        9,
        15,
        18,
        23
      ]
    }
  },
  {
    "model": "event.event",
    "pk": 2,
    "fields": {
      "name": "training",
      "goal": null,
      "color": "#72e9c1",
      "date": "2020-08-28",
      "hour_start": "21:00:00",
      "hour_end": "22:30:00",
      "total": 0,
      "refer_agenda": 1,
      "rounds": [
        10,
        11,
        12,
        13,
        14,
        15,
        16,
        17,
        18
      ],
      "members": []
    }
  },
  {
    "model": "event.event",
    "pk": 3,
    "fields": {
      "name": "training",
      "goal": null,
      "color": "#72e9c1",
      "date": "2020-08-31",
      "hour_start": "21:00:00",
      "hour_end": "22:30:00",
      "total": 0,
      "refer_agenda": 1,
      "rounds": [],
      "members": []
    }
  },
  {
    "model": "event.event",
    "pk": 4,
    "fields": {
      "name": "training",
      "goal": null,
      "color": "#72e9c1",
      "date": "2020-09-02",
      "hour_start": "21:00:00",
      "hour_end": "22:30:00",
      "total": 0,
      "refer_agenda": 1,
      "rounds": [],
      "members": []
    }
  },
  {
    "model": "event.event",
    "pk": 5,
    "fields": {
      "name": "training",
      "goal": null,
      "color": "#72e9c1",
      "date": "2020-09-04",
      "hour_start": "21:00:00",
      "hour_end": "22:30:00",
      "total": 0,
      "refer_agenda": 1,
      "rounds": [],
      "members": []
    }
  },
  {
    "model": "event.event",
    "pk": 6,
    "fields": {
      "name": "training",
      "goal": null,
      "color": "#72e9c1",
      "date": "2020-09-07",
      "hour_start": "21:00:00",
      "hour_end": "22:30:00",
      "total": 0,
      "refer_agenda": 1,
      "rounds": [],
      "members": []
    }
  },
  {
    "model": "event.event",
    "pk": 7,
    "fields": {
      "name": "training",
      "goal": null,
      "color": "#72e9c1",
      "date": "2020-09-09",
      "hour_start": "21:00:00",
      "hour_end": "22:30:00",
      "total": 0,
      "refer_agenda": 1,
      "rounds": [],
      "members": []
    }
  },
  {
    "model": "event.event",
    "pk": 8,
    "fields": {
      "name": "training",
      "goal": null,
      "color": "#72e9c1",
      "date": "2020-09-11",
      "hour_start": "21:00:00",
      "hour_end": "22:30:00",
      "total": 0,
      "refer_agenda": 1,
      "rounds": [],
      "members": []
    }
  },
  {
    "model": "event.event",
    "pk": 9,
    "fields": {
      "name": "training",
      "goal": null,
      "color": "#72e9c1",
      "date": "2020-09-14",
      "hour_start": "21:00:00",
      "hour_end": "22:30:00",
      "total": 0,
      "refer_agenda": 1,
      "rounds": [],
      "members": []
    }
  },
  {
    "model": "event.event",
    "pk": 10,
    "fields": {
      "name": "training",
      "goal": null,
      "color": "#72e9c1",
      "date": "2020-09-16",
      "hour_start": "21:00:00",
      "hour_end": "22:30:00",
      "total": 0,
      "refer_agenda": 1,
      "rounds": [],
      "members": []
    }
  },
  {
    "model": "event.event",
    "pk": 11,
    "fields": {
      "name": "training",
      "goal": null,
      "color": "#72e9c1",
      "date": "2020-09-18",
      "hour_start": "21:00:00",
      "hour_end": "22:30:00",
      "total": 0,
      "refer_agenda": 1,
      "rounds": [],
      "members": []
    }
  },
  {
    "model": "event.event",
    "pk": 12,
    "fields": {
      "name": "training",
      "goal": null,
      "color": "#72e9c1",
      "date": "2020-09-21",
      "hour_start": "21:00:00",
      "hour_end": "22:30:00",
      "total": 0,
      "refer_agenda": 1,
      "rounds": [],
      "members": []
    }
  },
  {
    "model": "event.event",
    "pk": 13,
    "fields": {
      "name": "training",
      "goal": null,
      "color": "#72e9c1",
      "date": "2020-09-23",
      "hour_start": "21:00:00",
      "hour_end": "22:30:00",
      "total": 0,
      "refer_agenda": 1,
      "rounds": [],
      "members": []
    }
  },
  {
    "model": "event.event",
    "pk": 14,
    "fields": {
      "name": "training",
      "goal": null,
      "color": "#72e9c1",
      "date": "2020-09-25",
      "hour_start": "21:00:00",
      "hour_end": "22:30:00",
      "total": 0,
      "refer_agenda": 1,
      "rounds": [],
      "members": []
    }
  },
  {
    "model": "event.event",
    "pk": 15,
    "fields": {
      "name": "training",
      "goal": null,
      "color": "#72e9c1",
      "date": "2020-09-28",
      "hour_start": "21:00:00",
      "hour_end": "22:30:00",
      "total": 0,
      "refer_agenda": 1,
      "rounds": [],
      "members": []
    }
  },
  {
    "model": "event.event",
    "pk": 16,
    "fields": {
      "name": "training",
      "goal": null,
      "color": "#72e9c1",
      "date": "2020-09-30",
      "hour_start": "21:00:00",
      "hour_end": "22:30:00",
      "total": 0,
      "refer_agenda": 1,
      "rounds": [],
      "members": []
    }
  },
  {
    "model": "event.event",
    "pk": 17,
    "fields": {
      "name": "training",
      "goal": null,
      "color": "#72e9c1",
      "date": "2020-10-02",
      "hour_start": "21:00:00",
      "hour_end": "22:30:00",
      "total": 0,
      "refer_agenda": 1,
      "rounds": [],
      "members": []
    }
  },
  {
    "model": "event.event",
    "pk": 18,
    "fields": {
      "name": "training",
      "goal": null,
      "color": "#72e9c1",
      "date": "2020-10-05",
      "hour_start": "21:00:00",
      "hour_end": "22:30:00",
      "total": 0,
      "refer_agenda": 1,
      "rounds": [],
      "members": []
    }
  },
  {
    "model": "event.event",
    "pk": 19,
    "fields": {
      "name": "training",
      "goal": null,
      "color": "#72e9c1",
      "date": "2020-10-07",
      "hour_start": "21:00:00",
      "hour_end": "22:30:00",
      "total": 0,
      "refer_agenda": 1,
      "rounds": [],
      "members": []
    }
  },
  {
    "model": "event.event",
    "pk": 20,
    "fields": {
      "name": "training",
      "goal": null,
      "color": "#72e9c1",
      "date": "2020-10-09",
      "hour_start": "21:00:00",
      "hour_end": "22:30:00",
      "total": 0,
      "refer_agenda": 1,
      "rounds": [],
      "members": []
    }
  },
  {
    "model": "event.event",
    "pk": 21,
    "fields": {
      "name": "training",
      "goal": null,
      "color": "#72e9c1",
      "date": "2020-10-12",
      "hour_start": "21:00:00",
      "hour_end": "22:30:00",
      "total": 0,
      "refer_agenda": 1,
      "rounds": [],
      "members": []
    }
  },
  {
    "model": "event.event",
    "pk": 22,
    "fields": {
      "name": "training",
      "goal": null,
      "color": "#72e9c1",
      "date": "2020-10-14",
      "hour_start": "21:00:00",
      "hour_end": "22:30:00",
      "total": 0,
      "refer_agenda": 1,
      "rounds": [],
      "members": []
    }
  },
  {
    "model": "event.event",
    "pk": 23,
    "fields": {
      "name": "training",
      "goal": null,
      "color": "#72e9c1",
      "date": "2020-10-16",
      "hour_start": "21:00:00",
      "hour_end": "22:30:00",
      "total": 0,
      "refer_agenda": 1,
      "rounds": [],
      "members": []
    }
  },
  {
    "model": "event.event",
    "pk": 24,
    "fields": {
      "name": "training",
      "goal": null,
      "color": "#72e9c1",
      "date": "2020-10-19",
      "hour_start": "21:00:00",
      "hour_end": "22:30:00",
      "total": 0,
      "refer_agenda": 1,
      "rounds": [],
      "members": []
    }
  },
  {
    "model": "event.event",
    "pk": 25,
    "fields": {
      "name": "training",
      "goal": null,
      "color": "#72e9c1",
      "date": "2020-10-21",
      "hour_start": "21:00:00",
      "hour_end": "22:30:00",
      "total": 0,
      "refer_agenda": 1,
      "rounds": [],
      "members": []
    }
  },
  {
    "model": "event.event",
    "pk": 26,
    "fields": {
      "name": "training",
      "goal": null,
      "color": "#72e9c1",
      "date": "2020-10-23",
      "hour_start": "21:00:00",
      "hour_end": "22:30:00",
      "total": 0,
      "refer_agenda": 1,
      "rounds": [],
      "members": []
    }
  },
  {
    "model": "event.event",
    "pk": 27,
    "fields": {
      "name": "training",
      "goal": null,
      "color": "#72e9c1",
      "date": "2020-10-26",
      "hour_start": "21:00:00",
      "hour_end": "22:30:00",
      "total": 0,
      "refer_agenda": 1,
      "rounds": [],
      "members": []
    }
  },
  {
    "model": "event.event",
    "pk": 28,
    "fields": {
      "name": "training",
      "goal": null,
      "color": "#72e9c1",
      "date": "2020-10-28",
      "hour_start": "21:00:00",
      "hour_end": "22:30:00",
      "total": 0,
      "refer_agenda": 1,
      "rounds": [],
      "members": []
    }
  },
  {
    "model": "event.event",
    "pk": 29,
    "fields": {
      "name": "training",
      "goal": null,
      "color": "#72e9c1",
      "date": "2020-10-30",
      "hour_start": "21:00:00",
      "hour_end": "22:30:00",
      "total": 0,
      "refer_agenda": 1,
      "rounds": [],
      "members": []
    }
  },
  {
    "model": "event.event",
    "pk": 30,
    "fields": {
      "name": "training",
      "goal": null,
      "color": "#72e9c1",
      "date": "2020-11-02",
      "hour_start": "21:00:00",
      "hour_end": "22:30:00",
      "total": 0,
      "refer_agenda": 1,
      "rounds": [],
      "members": []
    }
  },
  {
    "model": "event.event",
    "pk": 31,
    "fields": {
      "name": "training",
      "goal": null,
      "color": "#72e9c1",
      "date": "2020-11-04",
      "hour_start": "21:00:00",
      "hour_end": "22:30:00",
      "total": 0,
      "refer_agenda": 1,
      "rounds": [],
      "members": []
    }
  },
  {
    "model": "event.event",
    "pk": 32,
    "fields": {
      "name": "training",
      "goal": null,
      "color": "#72e9c1",
      "date": "2020-11-06",
      "hour_start": "21:00:00",
      "hour_end": "22:30:00",
      "total": 0,
      "refer_agenda": 1,
      "rounds": [],
      "members": []
    }
  },
  {
    "model": "event.event",
    "pk": 33,
    "fields": {
      "name": "training",
      "goal": null,
      "color": "#72e9c1",
      "date": "2020-11-09",
      "hour_start": "21:00:00",
      "hour_end": "22:30:00",
      "total": 0,
      "refer_agenda": 1,
      "rounds": [],
      "members": []
    }
  },
  {
    "model": "event.event",
    "pk": 34,
    "fields": {
      "name": "training",
      "goal": null,
      "color": "#72e9c1",
      "date": "2020-11-11",
      "hour_start": "21:00:00",
      "hour_end": "22:30:00",
      "total": 0,
      "refer_agenda": 1,
      "rounds": [],
      "members": []
    }
  },
  {
    "model": "event.event",
    "pk": 35,
    "fields": {
      "name": "training",
      "goal": null,
      "color": "#72e9c1",
      "date": "2020-11-13",
      "hour_start": "21:00:00",
      "hour_end": "22:30:00",
      "total": 0,
      "refer_agenda": 1,
      "rounds": [],
      "members": []
    }
  },
  {
    "model": "event.event",
    "pk": 36,
    "fields": {
      "name": "training",
      "goal": null,
      "color": "#72e9c1",
      "date": "2020-11-16",
      "hour_start": "21:00:00",
      "hour_end": "22:30:00",
      "total": 0,
      "refer_agenda": 1,
      "rounds": [],
      "members": []
    }
  },
  {
    "model": "event.event",
    "pk": 37,
    "fields": {
      "name": "training",
      "goal": null,
      "color": "#72e9c1",
      "date": "2020-11-18",
      "hour_start": "21:00:00",
      "hour_end": "22:30:00",
      "total": 0,
      "refer_agenda": 1,
      "rounds": [],
      "members": []
    }
  },
  {
    "model": "event.event",
    "pk": 38,
    "fields": {
      "name": "training",
      "goal": null,
      "color": "#72e9c1",
      "date": "2020-11-20",
      "hour_start": "21:00:00",
      "hour_end": "22:30:00",
      "total": 0,
      "refer_agenda": 1,
      "rounds": [],
      "members": []
    }
  },
  {
    "model": "event.event",
    "pk": 39,
    "fields": {
      "name": "training",
      "goal": null,
      "color": "#72e9c1",
      "date": "2020-11-23",
      "hour_start": "21:00:00",
      "hour_end": "22:30:00",
      "total": 0,
      "refer_agenda": 1,
      "rounds": [],
      "members": []
    }
  },
  {
    "model": "event.event",
    "pk": 40,
    "fields": {
      "name": "training",
      "goal": null,
      "color": "#72e9c1",
      "date": "2020-11-25",
      "hour_start": "21:00:00",
      "hour_end": "22:30:00",
      "total": 0,
      "refer_agenda": 1,
      "rounds": [],
      "members": []
    }
  },
  {
    "model": "event.event",
    "pk": 41,
    "fields": {
      "name": "training",
      "goal": null,
      "color": "#72e9c1",
      "date": "2020-11-27",
      "hour_start": "21:00:00",
      "hour_end": "22:30:00",
      "total": 0,
      "refer_agenda": 1,
      "rounds": [],
      "members": []
    }
  },
  {
    "model": "event.event",
    "pk": 42,
    "fields": {
      "name": "training",
      "goal": null,
      "color": "#72e9c1",
      "date": "2020-11-30",
      "hour_start": "21:00:00",
      "hour_end": "22:30:00",
      "total": 0,
      "refer_agenda": 1,
      "rounds": [],
      "members": []
    }
  },
  {
    "model": "event.event",
    "pk": 43,
    "fields": {
      "name": "training",
      "goal": null,
      "color": "#72e9c1",
      "date": "2020-12-02",
      "hour_start": "21:00:00",
      "hour_end": "22:30:00",
      "total": 0,
      "refer_agenda": 1,
      "rounds": [],
      "members": []
    }
  },
  {
    "model": "event.event",
    "pk": 44,
    "fields": {
      "name": "training",
      "goal": null,
      "color": "#72e9c1",
      "date": "2020-12-04",
      "hour_start": "21:00:00",
      "hour_end": "22:30:00",
      "total": 0,
      "refer_agenda": 1,
      "rounds": [],
      "members": []
    }
  },
  {
    "model": "event.event",
    "pk": 45,
    "fields": {
      "name": "training",
      "goal": null,
      "color": "#72e9c1",
      "date": "2020-12-07",
      "hour_start": "21:00:00",
      "hour_end": "22:30:00",
      "total": 0,
      "refer_agenda": 1,
      "rounds": [],
      "members": []
    }
  },
  {
    "model": "event.event",
    "pk": 46,
    "fields": {
      "name": "training",
      "goal": null,
      "color": "#72e9c1",
      "date": "2020-12-09",
      "hour_start": "21:00:00",
      "hour_end": "22:30:00",
      "total": 0,
      "refer_agenda": 1,
      "rounds": [],
      "members": []
    }
  },
  {
    "model": "event.event",
    "pk": 47,
    "fields": {
      "name": "training",
      "goal": null,
      "color": "#72e9c1",
      "date": "2020-12-11",
      "hour_start": "21:00:00",
      "hour_end": "22:30:00",
      "total": 0,
      "refer_agenda": 1,
      "rounds": [],
      "members": []
    }
  },
  {
    "model": "event.event",
    "pk": 48,
    "fields": {
      "name": "training",
      "goal": null,
      "color": "#72e9c1",
      "date": "2020-12-14",
      "hour_start": "21:00:00",
      "hour_end": "22:30:00",
      "total": 0,
      "refer_agenda": 1,
      "rounds": [],
      "members": []
    }
  },
  {
    "model": "event.event",
    "pk": 49,
    "fields": {
      "name": "training",
      "goal": null,
      "color": "#72e9c1",
      "date": "2020-12-16",
      "hour_start": "21:00:00",
      "hour_end": "22:30:00",
      "total": 0,
      "refer_agenda": 1,
      "rounds": [],
      "members": []
    }
  },
  {
    "model": "event.event",
    "pk": 50,
    "fields": {
      "name": "training",
      "goal": null,
      "color": "#72e9c1",
      "date": "2020-12-18",
      "hour_start": "21:00:00",
      "hour_end": "22:30:00",
      "total": 0,
      "refer_agenda": 1,
      "rounds": [],
      "members": []
    }
  },
  {
    "model": "event.event",
    "pk": 51,
    "fields": {
      "name": "training",
      "goal": null,
      "color": "#72e9c1",
      "date": "2020-12-21",
      "hour_start": "21:00:00",
      "hour_end": "22:30:00",
      "total": 0,
      "refer_agenda": 1,
      "rounds": [],
      "members": []
    }
  },
  {
    "model": "event.event",
    "pk": 52,
    "fields": {
      "name": "training",
      "goal": null,
      "color": "#72e9c1",
      "date": "2020-12-23",
      "hour_start": "21:00:00",
      "hour_end": "22:30:00",
      "total": 0,
      "refer_agenda": 1,
      "rounds": [],
      "members": []
    }
  },
  {
    "model": "event.event",
    "pk": 53,
    "fields": {
      "name": "training",
      "goal": null,
      "color": "#72e9c1",
      "date": "2020-12-25",
      "hour_start": "21:00:00",
      "hour_end": "22:30:00",
      "total": 0,
      "refer_agenda": 1,
      "rounds": [],
      "members": []
    }
  },
  {
    "model": "event.event",
    "pk": 54,
    "fields": {
      "name": "training",
      "goal": null,
      "color": "#72e9c1",
      "date": "2020-12-28",
      "hour_start": "21:00:00",
      "hour_end": "22:30:00",
      "total": 0,
      "refer_agenda": 1,
      "rounds": [],
      "members": []
    }
  },
  {
    "model": "event.event",
    "pk": 55,
    "fields": {
      "name": "training",
      "goal": null,
      "color": "#72e9c1",
      "date": "2020-12-30",
      "hour_start": "21:00:00",
      "hour_end": "22:30:00",
      "total": 0,
      "refer_agenda": 1,
      "rounds": [],
      "members": []
    }
  },
  {
    "model": "event.event",
    "pk": 56,
    "fields": {
      "name": "training",
      "goal": null,
      "color": "#72e9c1",
      "date": "2021-01-01",
      "hour_start": "21:00:00",
      "hour_end": "22:30:00",
      "total": 0,
      "refer_agenda": 1,
      "rounds": [],
      "members": []
    }
  },
  {
    "model": "event.event",
    "pk": 57,
    "fields": {
      "name": "training",
      "goal": null,
      "color": "#72e9c1",
      "date": "2021-01-04",
      "hour_start": "21:00:00",
      "hour_end": "22:30:00",
      "total": 0,
      "refer_agenda": 1,
      "rounds": [],
      "members": []
    }
  },
  {
    "model": "event.event",
    "pk": 58,
    "fields": {
      "name": "training",
      "goal": null,
      "color": "#72e9c1",
      "date": "2021-01-06",
      "hour_start": "21:00:00",
      "hour_end": "22:30:00",
      "total": 0,
      "refer_agenda": 1,
      "rounds": [],
      "members": []
    }
  },
  {
    "model": "event.event",
    "pk": 59,
    "fields": {
      "name": "training",
      "goal": null,
      "color": "#72e9c1",
      "date": "2021-01-08",
      "hour_start": "21:00:00",
      "hour_end": "22:30:00",
      "total": 0,
      "refer_agenda": 1,
      "rounds": [],
      "members": []
    }
  },
  {
    "model": "event.event",
    "pk": 60,
    "fields": {
      "name": "training",
      "goal": null,
      "color": "#72e9c1",
      "date": "2021-01-11",
      "hour_start": "21:00:00",
      "hour_end": "22:30:00",
      "total": 0,
      "refer_agenda": 1,
      "rounds": [],
      "members": []
    }
  },
  {
    "model": "event.event",
    "pk": 61,
    "fields": {
      "name": "training",
      "goal": null,
      "color": "#72e9c1",
      "date": "2021-01-13",
      "hour_start": "21:00:00",
      "hour_end": "22:30:00",
      "total": 0,
      "refer_agenda": 1,
      "rounds": [],
      "members": []
    }
  },
  {
    "model": "event.event",
    "pk": 62,
    "fields": {
      "name": "training",
      "goal": null,
      "color": "#72e9c1",
      "date": "2021-01-15",
      "hour_start": "21:00:00",
      "hour_end": "22:30:00",
      "total": 0,
      "refer_agenda": 1,
      "rounds": [],
      "members": []
    }
  },
  {
    "model": "event.event",
    "pk": 63,
    "fields": {
      "name": "training",
      "goal": null,
      "color": "#72e9c1",
      "date": "2021-01-18",
      "hour_start": "21:00:00",
      "hour_end": "22:30:00",
      "total": 0,
      "refer_agenda": 1,
      "rounds": [],
      "members": []
    }
  },
  {
    "model": "event.event",
    "pk": 64,
    "fields": {
      "name": "training",
      "goal": null,
      "color": "#72e9c1",
      "date": "2021-01-20",
      "hour_start": "21:00:00",
      "hour_end": "22:30:00",
      "total": 0,
      "refer_agenda": 1,
      "rounds": [],
      "members": []
    }
  },
  {
    "model": "event.event",
    "pk": 65,
    "fields": {
      "name": "training",
      "goal": null,
      "color": "#72e9c1",
      "date": "2021-01-22",
      "hour_start": "21:00:00",
      "hour_end": "22:30:00",
      "total": 0,
      "refer_agenda": 1,
      "rounds": [],
      "members": []
    }
  },
  {
    "model": "event.event",
    "pk": 66,
    "fields": {
      "name": "training",
      "goal": null,
      "color": "#72e9c1",
      "date": "2021-01-25",
      "hour_start": "21:00:00",
      "hour_end": "22:30:00",
      "total": 0,
      "refer_agenda": 1,
      "rounds": [],
      "members": []
    }
  },
  {
    "model": "event.event",
    "pk": 67,
    "fields": {
      "name": "training",
      "goal": null,
      "color": "#72e9c1",
      "date": "2021-01-27",
      "hour_start": "21:00:00",
      "hour_end": "22:30:00",
      "total": 0,
      "refer_agenda": 1,
      "rounds": [],
      "members": []
    }
  },
  {
    "model": "event.event",
    "pk": 68,
    "fields": {
      "name": "training",
      "goal": null,
      "color": "#72e9c1",
      "date": "2021-01-29",
      "hour_start": "21:00:00",
      "hour_end": "22:30:00",
      "total": 0,
      "refer_agenda": 1,
      "rounds": [],
      "members": []
    }
  },
  {
    "model": "event.event",
    "pk": 69,
    "fields": {
      "name": "training",
      "goal": null,
      "color": "#72e9c1",
      "date": "2021-02-01",
      "hour_start": "21:00:00",
      "hour_end": "22:30:00",
      "total": 0,
      "refer_agenda": 1,
      "rounds": [],
      "members": []
    }
  },
  {
    "model": "event.event",
    "pk": 70,
    "fields": {
      "name": "training",
      "goal": null,
      "color": "#72e9c1",
      "date": "2021-02-03",
      "hour_start": "21:00:00",
      "hour_end": "22:30:00",
      "total": 0,
      "refer_agenda": 1,
      "rounds": [],
      "members": []
    }
  },
  {
    "model": "event.event",
    "pk": 71,
    "fields": {
      "name": "training",
      "goal": null,
      "color": "#72e9c1",
      "date": "2021-02-05",
      "hour_start": "21:00:00",
      "hour_end": "22:30:00",
      "total": 0,
      "refer_agenda": 1,
      "rounds": [],
      "members": []
    }
  },
  {
    "model": "event.event",
    "pk": 72,
    "fields": {
      "name": "training",
      "goal": null,
      "color": "#72e9c1",
      "date": "2021-02-08",
      "hour_start": "21:00:00",
      "hour_end": "22:30:00",
      "total": 0,
      "refer_agenda": 1,
      "rounds": [],
      "members": []
    }
  },
  {
    "model": "event.event",
    "pk": 73,
    "fields": {
      "name": "training",
      "goal": null,
      "color": "#72e9c1",
      "date": "2021-02-10",
      "hour_start": "21:00:00",
      "hour_end": "22:30:00",
      "total": 0,
      "refer_agenda": 1,
      "rounds": [],
      "members": []
    }
  },
  {
    "model": "event.event",
    "pk": 74,
    "fields": {
      "name": "training",
      "goal": null,
      "color": "#72e9c1",
      "date": "2021-02-12",
      "hour_start": "21:00:00",
      "hour_end": "22:30:00",
      "total": 0,
      "refer_agenda": 1,
      "rounds": [],
      "members": []
    }
  },
  {
    "model": "event.event",
    "pk": 75,
    "fields": {
      "name": "training",
      "goal": null,
      "color": "#72e9c1",
      "date": "2021-02-15",
      "hour_start": "21:00:00",
      "hour_end": "22:30:00",
      "total": 0,
      "refer_agenda": 1,
      "rounds": [],
      "members": []
    }
  },
  {
    "model": "event.event",
    "pk": 76,
    "fields": {
      "name": "training",
      "goal": null,
      "color": "#72e9c1",
      "date": "2021-02-17",
      "hour_start": "21:00:00",
      "hour_end": "22:30:00",
      "total": 0,
      "refer_agenda": 1,
      "rounds": [],
      "members": []
    }
  },
  {
    "model": "event.event",
    "pk": 77,
    "fields": {
      "name": "training",
      "goal": null,
      "color": "#72e9c1",
      "date": "2021-02-19",
      "hour_start": "21:00:00",
      "hour_end": "22:30:00",
      "total": 0,
      "refer_agenda": 1,
      "rounds": [],
      "members": []
    }
  },
  {
    "model": "event.event",
    "pk": 78,
    "fields": {
      "name": "training",
      "goal": null,
      "color": "#72e9c1",
      "date": "2021-02-22",
      "hour_start": "21:00:00",
      "hour_end": "22:30:00",
      "total": 0,
      "refer_agenda": 1,
      "rounds": [],
      "members": []
    }
  },
  {
    "model": "event.event",
    "pk": 79,
    "fields": {
      "name": "training",
      "goal": null,
      "color": "#72e9c1",
      "date": "2021-02-24",
      "hour_start": "21:00:00",
      "hour_end": "22:30:00",
      "total": 0,
      "refer_agenda": 1,
      "rounds": [],
      "members": []
    }
  },
  {
    "model": "event.event",
    "pk": 80,
    "fields": {
      "name": "training",
      "goal": null,
      "color": "#72e9c1",
      "date": "2021-02-26",
      "hour_start": "21:00:00",
      "hour_end": "22:30:00",
      "total": 0,
      "refer_agenda": 1,
      "rounds": [],
      "members": []
    }
  },
  {
    "model": "event.event",
    "pk": 81,
    "fields": {
      "name": "training",
      "goal": null,
      "color": "#72e9c1",
      "date": "2021-03-01",
      "hour_start": "21:00:00",
      "hour_end": "22:30:00",
      "total": 0,
      "refer_agenda": 1,
      "rounds": [],
      "members": []
    }
  },
  {
    "model": "event.event",
    "pk": 82,
    "fields": {
      "name": "training",
      "goal": null,
      "color": "#72e9c1",
      "date": "2021-03-03",
      "hour_start": "21:00:00",
      "hour_end": "22:30:00",
      "total": 0,
      "refer_agenda": 1,
      "rounds": [],
      "members": []
    }
  },
  {
    "model": "event.event",
    "pk": 83,
    "fields": {
      "name": "training",
      "goal": null,
      "color": "#72e9c1",
      "date": "2021-03-05",
      "hour_start": "21:00:00",
      "hour_end": "22:30:00",
      "total": 0,
      "refer_agenda": 1,
      "rounds": [],
      "members": []
    }
  },
  {
    "model": "event.event",
    "pk": 84,
    "fields": {
      "name": "training",
      "goal": null,
      "color": "#72e9c1",
      "date": "2021-03-08",
      "hour_start": "21:00:00",
      "hour_end": "22:30:00",
      "total": 0,
      "refer_agenda": 1,
      "rounds": [],
      "members": []
    }
  },
  {
    "model": "event.event",
    "pk": 85,
    "fields": {
      "name": "training",
      "goal": null,
      "color": "#72e9c1",
      "date": "2021-03-10",
      "hour_start": "21:00:00",
      "hour_end": "22:30:00",
      "total": 0,
      "refer_agenda": 1,
      "rounds": [],
      "members": []
    }
  },
  {
    "model": "event.event",
    "pk": 86,
    "fields": {
      "name": "training",
      "goal": null,
      "color": "#72e9c1",
      "date": "2021-03-12",
      "hour_start": "21:00:00",
      "hour_end": "22:30:00",
      "total": 0,
      "refer_agenda": 1,
      "rounds": [],
      "members": []
    }
  },
  {
    "model": "event.event",
    "pk": 87,
    "fields": {
      "name": "training",
      "goal": null,
      "color": "#72e9c1",
      "date": "2021-03-15",
      "hour_start": "21:00:00",
      "hour_end": "22:30:00",
      "total": 0,
      "refer_agenda": 1,
      "rounds": [],
      "members": []
    }
  },
  {
    "model": "event.event",
    "pk": 88,
    "fields": {
      "name": "training",
      "goal": null,
      "color": "#72e9c1",
      "date": "2021-03-17",
      "hour_start": "21:00:00",
      "hour_end": "22:30:00",
      "total": 0,
      "refer_agenda": 1,
      "rounds": [],
      "members": []
    }
  },
  {
    "model": "event.event",
    "pk": 89,
    "fields": {
      "name": "training",
      "goal": null,
      "color": "#72e9c1",
      "date": "2021-03-19",
      "hour_start": "21:00:00",
      "hour_end": "22:30:00",
      "total": 0,
      "refer_agenda": 1,
      "rounds": [],
      "members": []
    }
  },
  {
    "model": "event.event",
    "pk": 90,
    "fields": {
      "name": "training",
      "goal": null,
      "color": "#72e9c1",
      "date": "2021-03-22",
      "hour_start": "21:00:00",
      "hour_end": "22:30:00",
      "total": 0,
      "refer_agenda": 1,
      "rounds": [],
      "members": []
    }
  },
  {
    "model": "event.event",
    "pk": 91,
    "fields": {
      "name": "training",
      "goal": null,
      "color": "#72e9c1",
      "date": "2021-03-24",
      "hour_start": "21:00:00",
      "hour_end": "22:30:00",
      "total": 0,
      "refer_agenda": 1,
      "rounds": [],
      "members": []
    }
  },
  {
    "model": "event.event",
    "pk": 92,
    "fields": {
      "name": "training",
      "goal": null,
      "color": "#72e9c1",
      "date": "2021-03-26",
      "hour_start": "21:00:00",
      "hour_end": "22:30:00",
      "total": 0,
      "refer_agenda": 1,
      "rounds": [],
      "members": []
    }
  },
  {
    "model": "event.event",
    "pk": 93,
    "fields": {
      "name": "training",
      "goal": null,
      "color": "#72e9c1",
      "date": "2021-03-29",
      "hour_start": "21:00:00",
      "hour_end": "22:30:00",
      "total": 0,
      "refer_agenda": 1,
      "rounds": [],
      "members": []
    }
  },
  {
    "model": "event.event",
    "pk": 94,
    "fields": {
      "name": "training",
      "goal": null,
      "color": "#72e9c1",
      "date": "2021-03-31",
      "hour_start": "21:00:00",
      "hour_end": "22:30:00",
      "total": 0,
      "refer_agenda": 1,
      "rounds": [],
      "members": []
    }
  },
  {
    "model": "event.event",
    "pk": 95,
    "fields": {
      "name": "training",
      "goal": null,
      "color": "#72e9c1",
      "date": "2021-04-02",
      "hour_start": "21:00:00",
      "hour_end": "22:30:00",
      "total": 0,
      "refer_agenda": 1,
      "rounds": [],
      "members": []
    }
  },
  {
    "model": "event.event",
    "pk": 96,
    "fields": {
      "name": "training",
      "goal": null,
      "color": "#72e9c1",
      "date": "2021-04-05",
      "hour_start": "21:00:00",
      "hour_end": "22:30:00",
      "total": 0,
      "refer_agenda": 1,
      "rounds": [],
      "members": []
    }
  },
  {
    "model": "event.event",
    "pk": 97,
    "fields": {
      "name": "training",
      "goal": null,
      "color": "#72e9c1",
      "date": "2021-04-07",
      "hour_start": "21:00:00",
      "hour_end": "22:30:00",
      "total": 0,
      "refer_agenda": 1,
      "rounds": [],
      "members": []
    }
  },
  {
    "model": "event.event",
    "pk": 98,
    "fields": {
      "name": "training",
      "goal": null,
      "color": "#72e9c1",
      "date": "2021-04-09",
      "hour_start": "21:00:00",
      "hour_end": "22:30:00",
      "total": 0,
      "refer_agenda": 1,
      "rounds": [],
      "members": []
    }
  },
  {
    "model": "event.event",
    "pk": 99,
    "fields": {
      "name": "training",
      "goal": null,
      "color": "#72e9c1",
      "date": "2021-04-12",
      "hour_start": "21:00:00",
      "hour_end": "22:30:00",
      "total": 0,
      "refer_agenda": 1,
      "rounds": [],
      "members": []
    }
  },
  {
    "model": "event.event",
    "pk": 100,
    "fields": {
      "name": "training",
      "goal": null,
      "color": "#72e9c1",
      "date": "2021-04-14",
      "hour_start": "21:00:00",
      "hour_end": "22:30:00",
      "total": 0,
      "refer_agenda": 1,
      "rounds": [],
      "members": []
    }
  },
  {
    "model": "event.event",
    "pk": 101,
    "fields": {
      "name": "training",
      "goal": null,
      "color": "#72e9c1",
      "date": "2021-04-16",
      "hour_start": "21:00:00",
      "hour_end": "22:30:00",
      "total": 0,
      "refer_agenda": 1,
      "rounds": [],
      "members": []
    }
  },
  {
    "model": "event.event",
    "pk": 102,
    "fields": {
      "name": "training",
      "goal": null,
      "color": "#72e9c1",
      "date": "2021-04-19",
      "hour_start": "21:00:00",
      "hour_end": "22:30:00",
      "total": 0,
      "refer_agenda": 1,
      "rounds": [],
      "members": []
    }
  },
  {
    "model": "event.event",
    "pk": 103,
    "fields": {
      "name": "training",
      "goal": null,
      "color": "#72e9c1",
      "date": "2021-04-21",
      "hour_start": "21:00:00",
      "hour_end": "22:30:00",
      "total": 0,
      "refer_agenda": 1,
      "rounds": [],
      "members": []
    }
  },
  {
    "model": "event.event",
    "pk": 104,
    "fields": {
      "name": "training",
      "goal": null,
      "color": "#72e9c1",
      "date": "2021-04-23",
      "hour_start": "21:00:00",
      "hour_end": "22:30:00",
      "total": 0,
      "refer_agenda": 1,
      "rounds": [],
      "members": []
    }
  },
  {
    "model": "event.event",
    "pk": 105,
    "fields": {
      "name": "training",
      "goal": null,
      "color": "#72e9c1",
      "date": "2021-04-26",
      "hour_start": "21:00:00",
      "hour_end": "22:30:00",
      "total": 0,
      "refer_agenda": 1,
      "rounds": [],
      "members": []
    }
  },
  {
    "model": "event.event",
    "pk": 106,
    "fields": {
      "name": "training",
      "goal": null,
      "color": "#72e9c1",
      "date": "2021-04-28",
      "hour_start": "21:00:00",
      "hour_end": "22:30:00",
      "total": 0,
      "refer_agenda": 1,
      "rounds": [],
      "members": []
    }
  },
  {
    "model": "event.event",
    "pk": 107,
    "fields": {
      "name": "training",
      "goal": null,
      "color": "#72e9c1",
      "date": "2021-04-30",
      "hour_start": "21:00:00",
      "hour_end": "22:30:00",
      "total": 0,
      "refer_agenda": 1,
      "rounds": [],
      "members": []
    }
  },
  {
    "model": "event.event",
    "pk": 108,
    "fields": {
      "name": "training",
      "goal": null,
      "color": "#72e9c1",
      "date": "2021-05-03",
      "hour_start": "21:00:00",
      "hour_end": "22:30:00",
      "total": 0,
      "refer_agenda": 1,
      "rounds": [],
      "members": []
    }
  },
  {
    "model": "event.event",
    "pk": 109,
    "fields": {
      "name": "training",
      "goal": null,
      "color": "#72e9c1",
      "date": "2021-05-05",
      "hour_start": "21:00:00",
      "hour_end": "22:30:00",
      "total": 0,
      "refer_agenda": 1,
      "rounds": [],
      "members": []
    }
  },
  {
    "model": "event.event",
    "pk": 110,
    "fields": {
      "name": "training",
      "goal": null,
      "color": "#72e9c1",
      "date": "2021-05-07",
      "hour_start": "21:00:00",
      "hour_end": "22:30:00",
      "total": 0,
      "refer_agenda": 1,
      "rounds": [],
      "members": []
    }
  },
  {
    "model": "event.event",
    "pk": 111,
    "fields": {
      "name": "training",
      "goal": null,
      "color": "#72e9c1",
      "date": "2021-05-10",
      "hour_start": "21:00:00",
      "hour_end": "22:30:00",
      "total": 0,
      "refer_agenda": 1,
      "rounds": [],
      "members": []
    }
  },
  {
    "model": "event.event",
    "pk": 112,
    "fields": {
      "name": "training",
      "goal": null,
      "color": "#72e9c1",
      "date": "2021-05-12",
      "hour_start": "21:00:00",
      "hour_end": "22:30:00",
      "total": 0,
      "refer_agenda": 1,
      "rounds": [],
      "members": []
    }
  },
  {
    "model": "event.event",
    "pk": 113,
    "fields": {
      "name": "training",
      "goal": null,
      "color": "#72e9c1",
      "date": "2021-05-14",
      "hour_start": "21:00:00",
      "hour_end": "22:30:00",
      "total": 0,
      "refer_agenda": 1,
      "rounds": [],
      "members": []
    }
  },
  {
    "model": "event.event",
    "pk": 114,
    "fields": {
      "name": "training",
      "goal": null,
      "color": "#72e9c1",
      "date": "2021-05-17",
      "hour_start": "21:00:00",
      "hour_end": "22:30:00",
      "total": 0,
      "refer_agenda": 1,
      "rounds": [],
      "members": []
    }
  },
  {
    "model": "event.event",
    "pk": 115,
    "fields": {
      "name": "training",
      "goal": null,
      "color": "#72e9c1",
      "date": "2021-05-19",
      "hour_start": "21:00:00",
      "hour_end": "22:30:00",
      "total": 0,
      "refer_agenda": 1,
      "rounds": [],
      "members": []
    }
  },
  {
    "model": "event.event",
    "pk": 116,
    "fields": {
      "name": "training",
      "goal": null,
      "color": "#72e9c1",
      "date": "2021-05-21",
      "hour_start": "21:00:00",
      "hour_end": "22:30:00",
      "total": 0,
      "refer_agenda": 1,
      "rounds": [],
      "members": []
    }
  },
  {
    "model": "event.event",
    "pk": 117,
    "fields": {
      "name": "training",
      "goal": null,
      "color": "#72e9c1",
      "date": "2021-05-24",
      "hour_start": "21:00:00",
      "hour_end": "22:30:00",
      "total": 0,
      "refer_agenda": 1,
      "rounds": [],
      "members": []
    }
  },
  {
    "model": "event.event",
    "pk": 118,
    "fields": {
      "name": "training",
      "goal": null,
      "color": "#72e9c1",
      "date": "2021-05-26",
      "hour_start": "21:00:00",
      "hour_end": "22:30:00",
      "total": 0,
      "refer_agenda": 1,
      "rounds": [],
      "members": []
    }
  },
  {
    "model": "event.event",
    "pk": 119,
    "fields": {
      "name": "training",
      "goal": null,
      "color": "#72e9c1",
      "date": "2021-05-28",
      "hour_start": "21:00:00",
      "hour_end": "22:30:00",
      "total": 0,
      "refer_agenda": 1,
      "rounds": [],
      "members": []
    }
  },
  {
    "model": "event.event",
    "pk": 120,
    "fields": {
      "name": "training",
      "goal": null,
      "color": "#72e9c1",
      "date": "2021-05-31",
      "hour_start": "21:00:00",
      "hour_end": "22:30:00",
      "total": 0,
      "refer_agenda": 1,
      "rounds": [],
      "members": []
    }
  },
  {
    "model": "event.event",
    "pk": 121,
    "fields": {
      "name": "training",
      "goal": null,
      "color": "#72e9c1",
      "date": "2021-06-02",
      "hour_start": "21:00:00",
      "hour_end": "22:30:00",
      "total": 0,
      "refer_agenda": 1,
      "rounds": [],
      "members": []
    }
  },
  {
    "model": "event.event",
    "pk": 122,
    "fields": {
      "name": "training",
      "goal": null,
      "color": "#72e9c1",
      "date": "2021-06-04",
      "hour_start": "21:00:00",
      "hour_end": "22:30:00",
      "total": 0,
      "refer_agenda": 1,
      "rounds": [],
      "members": []
    }
  },
  {
    "model": "event.event",
    "pk": 123,
    "fields": {
      "name": "training",
      "goal": null,
      "color": "#72e9c1",
      "date": "2021-06-07",
      "hour_start": "21:00:00",
      "hour_end": "22:30:00",
      "total": 0,
      "refer_agenda": 1,
      "rounds": [],
      "members": []
    }
  },
  {
    "model": "event.event",
    "pk": 124,
    "fields": {
      "name": "training",
      "goal": null,
      "color": "#72e9c1",
      "date": "2021-06-09",
      "hour_start": "21:00:00",
      "hour_end": "22:30:00",
      "total": 0,
      "refer_agenda": 1,
      "rounds": [],
      "members": []
    }
  },
  {
    "model": "event.event",
    "pk": 125,
    "fields": {
      "name": "training",
      "goal": null,
      "color": "#72e9c1",
      "date": "2021-06-11",
      "hour_start": "21:00:00",
      "hour_end": "22:30:00",
      "total": 0,
      "refer_agenda": 1,
      "rounds": [],
      "members": []
    }
  },
  {
    "model": "event.event",
    "pk": 126,
    "fields": {
      "name": "training",
      "goal": null,
      "color": "#72e9c1",
      "date": "2021-06-14",
      "hour_start": "21:00:00",
      "hour_end": "22:30:00",
      "total": 0,
      "refer_agenda": 1,
      "rounds": [],
      "members": []
    }
  },
  {
    "model": "event.event",
    "pk": 127,
    "fields": {
      "name": "training",
      "goal": null,
      "color": "#72e9c1",
      "date": "2021-06-16",
      "hour_start": "21:00:00",
      "hour_end": "22:30:00",
      "total": 0,
      "refer_agenda": 1,
      "rounds": [],
      "members": []
    }
  },
  {
    "model": "event.event",
    "pk": 128,
    "fields": {
      "name": "training",
      "goal": null,
      "color": "#72e9c1",
      "date": "2021-06-18",
      "hour_start": "21:00:00",
      "hour_end": "22:30:00",
      "total": 0,
      "refer_agenda": 1,
      "rounds": [],
      "members": []
    }
  },
  {
    "model": "event.event",
    "pk": 129,
    "fields": {
      "name": "training",
      "goal": null,
      "color": "#72e9c1",
      "date": "2021-06-21",
      "hour_start": "21:00:00",
      "hour_end": "22:30:00",
      "total": 0,
      "refer_agenda": 1,
      "rounds": [],
      "members": []
    }
  },
  {
    "model": "event.event",
    "pk": 130,
    "fields": {
      "name": "training",
      "goal": null,
      "color": "#72e9c1",
      "date": "2021-06-23",
      "hour_start": "21:00:00",
      "hour_end": "22:30:00",
      "total": 0,
      "refer_agenda": 1,
      "rounds": [],
      "members": []
    }
  },
  {
    "model": "event.event",
    "pk": 131,
    "fields": {
      "name": "training",
      "goal": null,
      "color": "#72e9c1",
      "date": "2021-06-25",
      "hour_start": "21:00:00",
      "hour_end": "22:30:00",
      "total": 0,
      "refer_agenda": 1,
      "rounds": [],
      "members": []
    }
  },
  {
    "model": "event.event",
    "pk": 132,
    "fields": {
      "name": "training",
      "goal": null,
      "color": "#72e9c1",
      "date": "2021-06-28",
      "hour_start": "21:00:00",
      "hour_end": "22:30:00",
      "total": 0,
      "refer_agenda": 1,
      "rounds": [],
      "members": []
    }
  },
  {
    "model": "event.event",
    "pk": 133,
    "fields": {
      "name": "training",
      "goal": null,
      "color": "#72e9c1",
      "date": "2021-06-30",
      "hour_start": "21:00:00",
      "hour_end": "22:30:00",
      "total": 0,
      "refer_agenda": 1,
      "rounds": [],
      "members": []
    }
  },
  {
    "model": "round.round",
    "pk": 1,
    "fields": {
      "order": 1,
      "count": 1,
      "t_start": null,
      "t_break": null,
      "refer_event": 1,
      "exercises": [
        1
      ]
    }
  },
  {
    "model": "round.round",
    "pk": 2,
    "fields": {
      "order": 2,
      "count": 2,
      "t_start": null,
      "t_break": null,
      "refer_event": 1,
      "exercises": [
        2,
        3,
        4,
        5,
        6,
        7
      ]
    }
  },
  {
    "model": "round.round",
    "pk": 3,
    "fields": {
      "order": 3,
      "count": 2,
      "t_start": null,
      "t_break": null,
      "refer_event": 1,
      "exercises": [
        8,
        9,
        10,
        11,
        12,
        13
      ]
    }
  },
  {
    "model": "round.round",
    "pk": 4,
    "fields": {
      "order": 4,
      "count": 6,
      "t_start": null,
      "t_break": "15sec",
      "refer_event": 1,
      "exercises": [
        14,
        15,
        16,
        17
      ]
    }
  },
  {
    "model": "round.round",
    "pk": 5,
    "fields": {
      "order": 5,
      "count": 1,
      "t_start": null,
      "t_break": null,
      "refer_event": 1,
      "exercises": [
        18,
        19,
        20
      ]
    }
  },
  {
    "model": "round.round",
    "pk": 6,
    "fields": {
      "order": 6,
      "count": 1,
      "t_start": null,
      "t_break": null,
      "refer_event": 1,
      "exercises": [
        21
      ]
    }
  },
  {
    "model": "round.round",
    "pk": 7,
    "fields": {
      "order": 7,
      "count": 1,
      "t_start": null,
      "t_break": null,
      "refer_event": 1,
      "exercises": [
        22
      ]
    }
  },
  {
    "model": "round.round",
    "pk": 8,
    "fields": {
      "order": 8,
      "count": 1,
      "t_start": null,
      "t_break": null,
      "refer_event": 1,
      "exercises": [
        23
      ]
    }
  },
  {
    "model": "round.round",
    "pk": 9,
    "fields": {
      "order": 9,
      "count": 1,
      "t_start": null,
      "t_break": null,
      "refer_event": 1,
      "exercises": [
        24
      ]
    }
  },
  {
    "model": "round.round",
    "pk": 10,
    "fields": {
      "order": 1,
      "count": 1,
      "t_start": null,
      "t_break": null,
      "refer_event": 2,
      "exercises": [
        25
      ]
    }
  },
  {
    "model": "round.round",
    "pk": 11,
    "fields": {
      "order": 2,
      "count": 1,
      "t_start": null,
      "t_break": null,
      "refer_event": 2,
      "exercises": [
        26
      ]
    }
  },
  {
    "model": "round.round",
    "pk": 12,
    "fields": {
      "order": 3,
      "count": 4,
      "t_start": null,
      "t_break": null,
      "refer_event": 2,
      "exercises": [
        27,
        28,
        29,
        30
      ]
    }
  },
  {
    "model": "round.round",
    "pk": 13,
    "fields": {
      "order": 4,
      "count": 4,
      "t_start": null,
      "t_break": null,
      "refer_event": 2,
      "exercises": [
        31,
        32,
        33,
        34
      ]
    }
  },
  {
    "model": "round.round",
    "pk": 14,
    "fields": {
      "order": 5,
      "count": 1,
      "t_start": null,
      "t_break": null,
      "refer_event": 2,
      "exercises": [
        35,
        36
      ]
    }
  },
  {
    "model": "round.round",
    "pk": 15,
    "fields": {
      "order": 6,
      "count": 1,
      "t_start": null,
      "t_break": null,
      "refer_event": 2,
      "exercises": [
        37,
        38
      ]
    }
  },
  {
    "model": "round.round",
    "pk": 16,
    "fields": {
      "order": 7,
      "count": 1,
      "t_start": null,
      "t_break": null,
      "refer_event": 2,
      "exercises": [
        39,
        40
      ]
    }
  },
  {
    "model": "round.round",
    "pk": 17,
    "fields": {
      "order": 8,
      "count": 1,
      "t_start": null,
      "t_break": null,
      "refer_event": 2,
      "exercises": [
        41
      ]
    }
  },
  {
    "model": "round.round",
    "pk": 18,
    "fields": {
      "order": 9,
      "count": 1,
      "t_start": null,
      "t_break": null,
      "refer_event": 2,
      "exercises": [
        42
      ]
    }
  },
  {
    "model": "exercise.stroke",
    "pk": 1,
    "fields": {
      "name": "Crawl"
    }
  },
  {
    "model": "exercise.stroke",
    "pk": 2,
    "fields": {
      "name": "Breaststroke"
    }
  },
  {
    "model": "exercise.stroke",
    "pk": 3,
    "fields": {
      "name": "Backstroke"
    }
  },
  {
    "model": "exercise.stroke",
    "pk": 4,
    "fields": {
      "name": "Butterfly"
    }
  },
  {
    "model": "exercise.stroke",
    "pk": 5,
    "fields": {
      "name": "Legs - kicks"
    }
  },
  {
    "model": "exercise.stroke",
    "pk": 6,
    "fields": {
      "name": "Legs - egg beater"
    }
  },
  {
    "model": "exercise.stroke",
    "pk": 7,
    "fields": {
      "name": "Legs - breaststroke"
    }
  },
  {
    "model": "exercise.stroke",
    "pk": 8,
    "fields": {
      "name": "To choice"
    }
  },
  {
    "model": "exercise.stroke",
    "pk": 9,
    "fields": {
      "name": "Medley"
    }
  },
  {
    "model": "exercise.stroke",
    "pk": 10,
    "fields": {
      "name": "Apnea"
    }
  },
  {
    "model": "exercise.energysystem",
    "pk": 1,
    "fields": {
      "name": "Relax"
    }
  },
  {
    "model": "exercise.energysystem",
    "pk": 2,
    "fields": {
      "name": "Endurance"
    }
  },
  {
    "model": "exercise.energysystem",
    "pk": 3,
    "fields": {
      "name": "Resistance"
    }
  },
  {
    "model": "exercise.energysystem",
    "pk": 4,
    "fields": {
      "name": "Sprint"
    }
  },
  {
    "model": "exercise.energysegment",
    "pk": 1,
    "fields": {
      "abv": "Z0",
      "description": null,
      "energysystem": 1
    }
  },
  {
    "model": "exercise.energysegment",
    "pk": 2,
    "fields": {
      "abv": "Z1",
      "description": null,
      "energysystem": 2
    }
  },
  {
    "model": "exercise.energysegment",
    "pk": 3,
    "fields": {
      "abv": "Z2",
      "description": null,
      "energysystem": 2
    }
  },
  {
    "model": "exercise.energysegment",
    "pk": 4,
    "fields": {
      "abv": "Z3",
      "description": "vo2max",
      "energysystem": 2
    }
  },
  {
    "model": "exercise.energysegment",
    "pk": 5,
    "fields": {
      "abv": "Z4",
      "description": null,
      "energysystem": 3
    }
  },
  {
    "model": "exercise.energysegment",
    "pk": 6,
    "fields": {
      "abv": "Z5",
      "description": null,
      "energysystem": 3
    }
  },
  {
    "model": "exercise.energysegment",
    "pk": 7,
    "fields": {
      "abv": "Z6",
      "description": null,
      "energysystem": 4
    }
  },
  {
    "model": "exercise.energysegment",
    "pk": 8,
    "fields": {
      "abv": "Z7",
      "description": null,
      "energysystem": 4
    }
  },
  {
    "model": "exercise.exercise",
    "pk": 1,
    "fields": {
      "order": 1,
      "t_start": null,
      "t_break": null,
      "repetition": 1,
      "distance": 200,
      "stroke": 8,
      "energysegment": 1,
      "notes": "",
      "refer_round": 1
    }
  },
  {
    "model": "exercise.exercise",
    "pk": 2,
    "fields": {
      "order": 1,
      "t_start": null,
      "t_break": null,
      "repetition": 1,
      "distance": 25,
      "stroke": 4,
      "energysegment": 2,
      "notes": "",
      "refer_round": 2
    }
  },
  {
    "model": "exercise.exercise",
    "pk": 3,
    "fields": {
      "order": 2,
      "t_start": null,
      "t_break": null,
      "repetition": 1,
      "distance": 50,
      "stroke": 1,
      "energysegment": 2,
      "notes": "",
      "refer_round": 2
    }
  },
  {
    "model": "exercise.exercise",
    "pk": 4,
    "fields": {
      "order": 3,
      "t_start": null,
      "t_break": null,
      "repetition": 1,
      "distance": 25,
      "stroke": 3,
      "energysegment": 2,
      "notes": "",
      "refer_round": 2
    }
  },
  {
    "model": "exercise.exercise",
    "pk": 5,
    "fields": {
      "order": 4,
      "t_start": null,
      "t_break": null,
      "repetition": 1,
      "distance": 50,
      "stroke": 1,
      "energysegment": 2,
      "notes": "",
      "refer_round": 2
    }
  },
  {
    "model": "exercise.exercise",
    "pk": 6,
    "fields": {
      "order": 5,
      "t_start": null,
      "t_break": null,
      "repetition": 1,
      "distance": 25,
      "stroke": 2,
      "energysegment": 2,
      "notes": "",
      "refer_round": 2
    }
  },
  {
    "model": "exercise.exercise",
    "pk": 7,
    "fields": {
      "order": 6,
      "t_start": null,
      "t_break": null,
      "repetition": 1,
      "distance": 50,
      "stroke": 1,
      "energysegment": 2,
      "notes": "",
      "refer_round": 2
    }
  },
  {
    "model": "exercise.exercise",
    "pk": 8,
    "fields": {
      "order": 1,
      "t_start": null,
      "t_break": null,
      "repetition": 1,
      "distance": 25,
      "stroke": 5,
      "energysegment": 2,
      "notes": "",
      "refer_round": 3
    }
  },
  {
    "model": "exercise.exercise",
    "pk": 9,
    "fields": {
      "order": 2,
      "t_start": null,
      "t_break": null,
      "repetition": 1,
      "distance": 25,
      "stroke": 1,
      "energysegment": 2,
      "notes": "respi 5T",
      "refer_round": 3
    }
  },
  {
    "model": "exercise.exercise",
    "pk": 10,
    "fields": {
      "order": 3,
      "t_start": null,
      "t_break": null,
      "repetition": 1,
      "distance": 25,
      "stroke": 7,
      "energysegment": 2,
      "notes": "",
      "refer_round": 3
    }
  },
  {
    "model": "exercise.exercise",
    "pk": 11,
    "fields": {
      "order": 4,
      "t_start": null,
      "t_break": null,
      "repetition": 1,
      "distance": 25,
      "stroke": 1,
      "energysegment": 2,
      "notes": "respi 5T",
      "refer_round": 3
    }
  },
  {
    "model": "exercise.exercise",
    "pk": 12,
    "fields": {
      "order": 5,
      "t_start": null,
      "t_break": null,
      "repetition": 1,
      "distance": 25,
      "stroke": 6,
      "energysegment": 2,
      "notes": "",
      "refer_round": 3
    }
  },
  {
    "model": "exercise.exercise",
    "pk": 13,
    "fields": {
      "order": 6,
      "t_start": null,
      "t_break": null,
      "repetition": 1,
      "distance": 25,
      "stroke": 1,
      "energysegment": 2,
      "notes": "respi 5T",
      "refer_round": 3
    }
  },
  {
    "model": "exercise.exercise",
    "pk": 14,
    "fields": {
      "order": 1,
      "t_start": null,
      "t_break": null,
      "repetition": 1,
      "distance": 25,
      "stroke": 4,
      "energysegment": 2,
      "notes": "",
      "refer_round": 4
    }
  },
  {
    "model": "exercise.exercise",
    "pk": 15,
    "fields": {
      "order": 2,
      "t_start": null,
      "t_break": null,
      "repetition": 1,
      "distance": 25,
      "stroke": 1,
      "energysegment": 2,
      "notes": "",
      "refer_round": 4
    }
  },
  {
    "model": "exercise.exercise",
    "pk": 16,
    "fields": {
      "order": 3,
      "t_start": null,
      "t_break": null,
      "repetition": 1,
      "distance": 25,
      "stroke": 10,
      "energysegment": 2,
      "notes": "",
      "refer_round": 4
    }
  },
  {
    "model": "exercise.exercise",
    "pk": 17,
    "fields": {
      "order": 4,
      "t_start": null,
      "t_break": null,
      "repetition": 1,
      "distance": 25,
      "stroke": 1,
      "energysegment": 2,
      "notes": "",
      "refer_round": 4
    }
  },
  {
    "model": "exercise.exercise",
    "pk": 18,
    "fields": {
      "order": 1,
      "t_start": null,
      "t_break": null,
      "repetition": 1,
      "distance": 100,
      "stroke": 1,
      "energysegment": 2,
      "notes": "1 bras / 25m",
      "refer_round": 5
    }
  },
  {
    "model": "exercise.exercise",
    "pk": 19,
    "fields": {
      "order": 2,
      "t_start": null,
      "t_break": null,
      "repetition": 1,
      "distance": 100,
      "stroke": 1,
      "energysegment": 2,
      "notes": "jet de l'eau derrire",
      "refer_round": 5
    }
  },
  {
    "model": "exercise.exercise",
    "pk": 20,
    "fields": {
      "order": 3,
      "t_start": null,
      "t_break": null,
      "repetition": 1,
      "distance": 100,
      "stroke": 1,
      "energysegment": 2,
      "notes": "doigts dans l'eau",
      "refer_round": 5
    }
  },
  {
    "model": "exercise.exercise",
    "pk": 21,
    "fields": {
      "order": 1,
      "t_start": null,
      "t_break": "30sec",
      "repetition": 4,
      "distance": 200,
      "stroke": 1,
      "energysegment": 3,
      "notes": "",
      "refer_round": 6
    }
  },
  {
    "model": "exercise.exercise",
    "pk": 22,
    "fields": {
      "order": 1,
      "t_start": null,
      "t_break": null,
      "repetition": 1,
      "distance": 50,
      "stroke": 8,
      "energysegment": 1,
      "notes": "",
      "refer_round": 7
    }
  },
  {
    "model": "exercise.exercise",
    "pk": 23,
    "fields": {
      "order": 1,
      "t_start": null,
      "t_break": "10",
      "repetition": 4,
      "distance": 50,
      "stroke": 1,
      "energysegment": 3,
      "notes": "",
      "refer_round": 8
    }
  },
  {
    "model": "exercise.exercise",
    "pk": 24,
    "fields": {
      "order": 1,
      "t_start": null,
      "t_break": null,
      "repetition": 1,
      "distance": 100,
      "stroke": 8,
      "energysegment": 1,
      "notes": "",
      "refer_round": 9
    }
  },
  {
    "model": "exercise.exercise",
    "pk": 25,
    "fields": {
      "order": 1,
      "t_start": null,
      "t_break": null,
      "repetition": 1,
      "distance": 200,
      "stroke": 8,
      "energysegment": 1,
      "notes": "",
      "refer_round": 10
    }
  },
  {
    "model": "exercise.exercise",
    "pk": 26,
    "fields": {
      "order": 2,
      "t_start": null,
      "t_break": null,
      "repetition": 4,
      "distance": 100,
      "stroke": 9,
      "energysegment": 2,
      "notes": "",
      "refer_round": 11
    }
  },
  {
    "model": "exercise.exercise",
    "pk": 27,
    "fields": {
      "order": 1,
      "t_start": null,
      "t_break": null,
      "repetition": 1,
      "distance": 25,
      "stroke": 1,
      "energysegment": 1,
      "notes": "respi 3T",
      "refer_round": 12
    }
  },
  {
    "model": "exercise.exercise",
    "pk": 28,
    "fields": {
      "order": 1,
      "t_start": null,
      "t_break": null,
      "repetition": 1,
      "distance": 25,
      "stroke": 1,
      "energysegment": 1,
      "notes": "respi 5T",
      "refer_round": 12
    }
  },
  {
    "model": "exercise.exercise",
    "pk": 29,
    "fields": {
      "order": 1,
      "t_start": null,
      "t_break": null,
      "repetition": 1,
      "distance": 25,
      "stroke": 1,
      "energysegment": 1,
      "notes": "respi 7T",
      "refer_round": 12
    }
  },
  {
    "model": "exercise.exercise",
    "pk": 30,
    "fields": {
      "order": 1,
      "t_start": null,
      "t_break": null,
      "repetition": 1,
      "distance": 25,
      "stroke": 6,
      "energysegment": 2,
      "notes": "",
      "refer_round": 12
    }
  },
  {
    "model": "exercise.exercise",
    "pk": 31,
    "fields": {
      "order": 1,
      "t_start": null,
      "t_break": null,
      "repetition": 1,
      "distance": 25,
      "stroke": 4,
      "energysegment": 2,
      "notes": "",
      "refer_round": 13
    }
  },
  {
    "model": "exercise.exercise",
    "pk": 32,
    "fields": {
      "order": 2,
      "t_start": null,
      "t_break": null,
      "repetition": 1,
      "distance": 25,
      "stroke": 5,
      "energysegment": 2,
      "notes": "",
      "refer_round": 13
    }
  },
  {
    "model": "exercise.exercise",
    "pk": 33,
    "fields": {
      "order": 3,
      "t_start": null,
      "t_break": null,
      "repetition": 1,
      "distance": 25,
      "stroke": 7,
      "energysegment": 2,
      "notes": "",
      "refer_round": 13
    }
  },
  {
    "model": "exercise.exercise",
    "pk": 34,
    "fields": {
      "order": 4,
      "t_start": null,
      "t_break": null,
      "repetition": 1,
      "distance": 25,
      "stroke": 6,
      "energysegment": 2,
      "notes": "",
      "refer_round": 13
    }
  },
  {
    "model": "exercise.exercise",
    "pk": 35,
    "fields": {
      "order": 1,
      "t_start": null,
      "t_break": null,
      "repetition": 4,
      "distance": 100,
      "stroke": 1,
      "energysegment": 2,
      "notes": "25m rapide - 75m moyen",
      "refer_round": 14
    }
  },
  {
    "model": "exercise.exercise",
    "pk": 36,
    "fields": {
      "order": 2,
      "t_start": null,
      "t_break": null,
      "repetition": 1,
      "distance": 50,
      "stroke": 8,
      "energysegment": 1,
      "notes": "",
      "refer_round": 14
    }
  },
  {
    "model": "exercise.exercise",
    "pk": 37,
    "fields": {
      "order": 1,
      "t_start": null,
      "t_break": null,
      "repetition": 4,
      "distance": 100,
      "stroke": 1,
      "energysegment": 2,
      "notes": "50m rapide - 50m moyen",
      "refer_round": 15
    }
  },
  {
    "model": "exercise.exercise",
    "pk": 38,
    "fields": {
      "order": 2,
      "t_start": null,
      "t_break": null,
      "repetition": 1,
      "distance": 50,
      "stroke": 8,
      "energysegment": 1,
      "notes": "",
      "refer_round": 15
    }
  },
  {
    "model": "exercise.exercise",
    "pk": 39,
    "fields": {
      "order": 1,
      "t_start": null,
      "t_break": null,
      "repetition": 4,
      "distance": 100,
      "stroke": 1,
      "energysegment": 2,
      "notes": "75m rapide - 25m moyen",
      "refer_round": 16
    }
  },
  {
    "model": "exercise.exercise",
    "pk": 40,
    "fields": {
      "order": 2,
      "t_start": null,
      "t_break": null,
      "repetition": 1,
      "distance": 50,
      "stroke": 8,
      "energysegment": 1,
      "notes": "",
      "refer_round": 16
    }
  },
  {
    "model": "exercise.exercise",
    "pk": 41,
    "fields": {
      "order": 1,
      "t_start": null,
      "t_break": null,
      "repetition": 4,
      "distance": 50,
      "stroke": 1,
      "energysegment": 3,
      "notes": "",
      "refer_round": 17
    }
  },
  {
    "model": "exercise.exercise",
    "pk": 42,
    "fields": {
      "order": 1,
      "t_start": null,
      "t_break": null,
      "repetition": 1,
      "distance": 100,
      "stroke": 8,
      "energysegment": 1,
      "notes": "",
      "refer_round": 18
    }
  },
  {
    "model": "member.member",
    "pk": 1,
    "fields": {
      "firstname": "Adrien",
      "lastname": "Muyle",
      "phonenumber": "+32477494026",
      "email": ""
    }
  },
  {
    "model": "member.member",
    "pk": 2,
    "fields": {
      "firstname": "Alaa",
      "lastname": "Didri",
      "phonenumber": "+32499355804",
      "email": ""
    }
  },
  {
    "model": "member.member",
    "pk": 3,
    "fields": {
      "firstname": "Alexandru",
      "lastname": "Grancerof",
      "phonenumber": "+324",
      "email": ""
    }
  },
  {
    "model": "member.member",
    "pk": 4,
    "fields": {
      "firstname": "Antoine",
      "lastname": "Bogaert",
      "phonenumber": "+32485429710",
      "email": "bogaert96@gmail.com"
    }
  },
  {
    "model": "member.member",
    "pk": 5,
    "fields": {
      "firstname": "Anton",
      "lastname": "xxx",
      "phonenumber": "+32476837496",
      "email": ""
    }
  },
  {
    "model": "member.member",
    "pk": 6,
    "fields": {
      "firstname": "Aymeric",
      "lastname": "Ponjee",
      "phonenumber": "+32484244068",
      "email": "aymericponjee@gmail.com"
    }
  },
  {
    "model": "member.member",
    "pk": 7,
    "fields": {
      "firstname": "Bryan",
      "lastname": "Pauwels",
      "phonenumber": "+324",
      "email": ""
    }
  },
  {
    "model": "member.member",
    "pk": 8,
    "fields": {
      "firstname": "Dan",
      "lastname": "Balanov",
      "phonenumber": "+32498187744",
      "email": "extrakif@hotmail.com"
    }
  },
  {
    "model": "member.member",
    "pk": 9,
    "fields": {
      "firstname": "Ennis",
      "lastname": "Numanovic",
      "phonenumber": "+32499972992",
      "email": "ennis@hotmail.be"
    }
  },
  {
    "model": "member.member",
    "pk": 10,
    "fields": {
      "firstname": "Enrico",
      "lastname": "Bernardini",
      "phonenumber": "+352691402600",
      "email": "enri.bernardini@libero.it"
    }
  },
  {
    "model": "member.member",
    "pk": 11,
    "fields": {
      "firstname": "Florian",
      "lastname": "Brido",
      "phonenumber": "+33686979442",
      "email": ""
    }
  },
  {
    "model": "member.member",
    "pk": 12,
    "fields": {
      "firstname": "Gabriele",
      "lastname": "De Grado",
      "phonenumber": "+393493779289",
      "email": ""
    }
  },
  {
    "model": "member.member",
    "pk": 13,
    "fields": {
      "firstname": "Georges",
      "lastname": "Matsios",
      "phonenumber": "+32471832384",
      "email": "mat_georges@hotmail.com"
    }
  },
  {
    "model": "member.member",
    "pk": 14,
    "fields": {
      "firstname": "Jeffrey",
      "lastname": "Sprong",
      "phonenumber": "+31",
      "email": ""
    }
  },
  {
    "model": "member.member",
    "pk": 15,
    "fields": {
      "firstname": "Jeronim",
      "lastname": "Grbesa",
      "phonenumber": "+32492504314",
      "email": "jeronim.grbesa@gmail.com"
    }
  },
  {
    "model": "member.member",
    "pk": 16,
    "fields": {
      "firstname": "Jimmy",
      "lastname": "Fryns",
      "phonenumber": "+32472315542",
      "email": "jimmyfryns@gmail.com"
    }
  },
  {
    "model": "member.member",
    "pk": 17,
    "fields": {
      "firstname": "Jorge",
      "lastname": "Lorente",
      "phonenumber": "+32479125118",
      "email": ""
    }
  },
  {
    "model": "member.member",
    "pk": 18,
    "fields": {
      "firstname": "Kevin",
      "lastname": "Missault",
      "phonenumber": "+324",
      "email": "kevin.missault@gmail.com"
    }
  },
  {
    "model": "member.member",
    "pk": 19,
    "fields": {
      "firstname": "Kimmo",
      "lastname": "Karinto",
      "phonenumber": "+32478505401",
      "email": "kimmo.karinto@skynet.be"
    }
  },
  {
    "model": "member.member",
    "pk": 20,
    "fields": {
      "firstname": "Laurens",
      "lastname": "Eiroa Sattler",
      "phonenumber": "+32466168326",
      "email": "laurens.eiroasattler@protonmail.com"
    }
  },
  {
    "model": "member.member",
    "pk": 21,
    "fields": {
      "firstname": "Maxim",
      "lastname": "Andreev",
      "phonenumber": "+32472170038",
      "email": "max2bru@gmail.com"
    }
  },
  {
    "model": "member.member",
    "pk": 22,
    "fields": {
      "firstname": "Neven",
      "lastname": "xxx",
      "phonenumber": "+32483368404",
      "email": ""
    }
  },
  {
    "model": "member.member",
    "pk": 23,
    "fields": {
      "firstname": "Renaud",
      "lastname": "Vilain",
      "phonenumber": "+32478811988",
      "email": "rvilain@skynet.be"
    }
  },
  {
    "model": "member.member",
    "pk": 24,
    "fields": {
      "firstname": "Tony",
      "lastname": "Passaro",
      "phonenumber": "+12246590705",
      "email": ""
    }
  },
  {
    "model": "member.member",
    "pk": 25,
    "fields": {
      "firstname": "Vick",
      "lastname": "Naili",
      "phonenumber": "+32471563610",
      "email": "vick.naili@outlook.fr"
    }
  },
  {
    "model": "member.member",
    "pk": 26,
    "fields": {
      "firstname": "Yorik",
      "lastname": "xxx",
      "phonenumber": "+324",
      "email": ""
    }
  },
  {
    "model": "customuser.customuser",
    "pk": 1,
    "fields": {
      "password": "pbkdf2_sha256$216000$qSMdqlm3Vxvi$ei3ipcyH/71xoF0EGsJYUFfXUyno4C0XnQayDaZ6tL0=",
      "last_login": "2020-08-27T11:57:27.291Z",
      "is_superuser": true,
      "username": "renaud",
      "first_name": "",
      "last_name": "",
      "email": "",
      "is_staff": true,
      "is_active": true,
      "date_joined": "2020-08-27T11:55:57.634Z",
      "language": "1",
      "is_foo_admin": false,
      "groups": [],
      "user_permissions": []
    }
  }
]